-- MySQL dump 10.13  Distrib 5.6.30, for debian-linux-gnu (x86_64)
--
-- Host: localhost    Database: biometrics
-- ------------------------------------------------------
-- Server version	5.6.30-1

/*!40101 SET @OLD_CHARACTER_SET_CLIENT=@@CHARACTER_SET_CLIENT */;
/*!40101 SET @OLD_CHARACTER_SET_RESULTS=@@CHARACTER_SET_RESULTS */;
/*!40101 SET @OLD_COLLATION_CONNECTION=@@COLLATION_CONNECTION */;
/*!40101 SET NAMES utf8 */;
/*!40103 SET @OLD_TIME_ZONE=@@TIME_ZONE */;
/*!40103 SET TIME_ZONE='+00:00' */;
/*!40014 SET @OLD_UNIQUE_CHECKS=@@UNIQUE_CHECKS, UNIQUE_CHECKS=0 */;
/*!40014 SET @OLD_FOREIGN_KEY_CHECKS=@@FOREIGN_KEY_CHECKS, FOREIGN_KEY_CHECKS=0 */;
/*!40101 SET @OLD_SQL_MODE=@@SQL_MODE, SQL_MODE='NO_AUTO_VALUE_ON_ZERO' */;
/*!40111 SET @OLD_SQL_NOTES=@@SQL_NOTES, SQL_NOTES=0 */;

--
-- Table structure for table `attendance`
--

DROP TABLE IF EXISTS `attendance`;
/*!40101 SET @saved_cs_client     = @@character_set_client */;
/*!40101 SET character_set_client = utf8 */;
CREATE TABLE `attendance` (
  `id` int(11) NOT NULL AUTO_INCREMENT,
  `student_id` int(11) NOT NULL,
  `present` int(11) NOT NULL DEFAULT '0',
  `attendance_id` int(11) NOT NULL,
  PRIMARY KEY (`id`),
  KEY `fk_attendance_2_idx` (`student_id`),
  KEY `fk_attendance_1_idx` (`attendance_id`),
  CONSTRAINT `fk_attendance_1` FOREIGN KEY (`attendance_id`) REFERENCES `attendance_details` (`id`) ON DELETE CASCADE ON UPDATE NO ACTION,
  CONSTRAINT `fk_attendance_2` FOREIGN KEY (`student_id`) REFERENCES `students` (`student_id`) ON DELETE CASCADE ON UPDATE NO ACTION
) ENGINE=InnoDB AUTO_INCREMENT=1787 DEFAULT CHARSET=latin1;
/*!40101 SET character_set_client = @saved_cs_client */;

--
-- Dumping data for table `attendance`
--

LOCK TABLES `attendance` WRITE;
/*!40000 ALTER TABLE `attendance` DISABLE KEYS */;
INSERT INTO `attendance` VALUES (1,112,1,1),(2,113,0,1),(3,114,1,1),(4,115,1,1),(5,116,1,1),(6,117,0,1),(7,118,1,1),(8,119,0,1),(9,120,0,1),(10,121,0,1),(11,122,1,1),(12,123,0,1),(13,124,0,1),(14,125,1,1),(15,126,1,1),(16,127,1,1),(17,128,1,1),(18,129,0,1),(19,130,1,1),(20,131,1,1),(21,132,1,1),(22,133,1,1),(23,134,1,1),(24,135,0,1),(25,136,0,1),(26,137,1,1),(27,138,0,1),(28,139,1,1),(29,140,1,1),(30,141,1,1),(31,142,1,1),(32,143,1,1),(33,144,1,1),(34,145,1,1),(35,146,0,1),(36,147,0,1),(37,148,0,1),(38,149,1,1),(39,150,1,1),(40,151,1,1),(41,152,0,1),(42,153,1,1),(43,154,1,1),(44,155,1,1),(45,156,1,1),(46,157,0,1),(47,158,1,1),(48,159,1,1),(49,160,1,1),(50,161,1,1),(51,162,1,1),(52,163,0,1),(53,164,1,1),(54,165,1,1),(55,166,1,1),(56,167,1,1),(57,168,1,1),(58,169,1,1),(59,170,1,1),(60,171,0,1),(61,172,0,1),(62,173,1,1),(63,174,1,1),(64,175,1,1),(65,176,1,1),(66,177,1,1),(67,178,1,1),(68,179,1,1),(69,180,1,1),(70,181,1,1),(71,182,1,1),(72,183,1,1),(73,184,1,1),(74,185,0,1),(75,186,0,1),(76,187,0,1),(77,188,1,1),(78,189,1,1),(79,190,1,1),(80,191,1,1),(81,192,1,1),(82,193,1,1),(83,194,1,1),(84,195,1,1),(85,196,0,1),(86,197,0,1),(87,198,1,1),(88,199,1,1),(89,200,1,1),(90,201,0,1),(91,202,1,1),(92,203,1,1),(93,204,1,1),(94,205,1,1),(95,112,1,2),(96,113,1,2),(97,114,1,2),(98,115,1,2),(99,116,1,2),(100,117,1,2),(101,118,1,2),(102,119,0,2),(103,120,1,2),(104,121,1,2),(105,122,0,2),(106,123,1,2),(107,124,1,2),(108,125,1,2),(109,126,1,2),(110,127,1,2),(111,128,1,2),(112,129,0,2),(113,130,1,2),(114,131,1,2),(115,132,1,2),(116,133,1,2),(117,134,1,2),(118,135,1,2),(119,136,1,2),(120,137,1,2),(121,138,1,2),(122,139,1,2),(123,140,1,2),(124,141,1,2),(125,142,1,2),(126,143,1,2),(127,144,1,2),(128,145,1,2),(129,146,1,2),(130,147,0,2),(131,148,1,2),(132,149,1,2),(133,150,0,2),(134,151,1,2),(135,152,1,2),(136,153,1,2),(137,154,1,2),(138,155,1,2),(139,156,1,2),(140,157,1,2),(141,158,1,2),(142,159,0,2),(143,160,1,2),(144,161,1,2),(145,162,0,2),(146,163,0,2),(147,164,1,2),(148,165,1,2),(149,166,1,2),(150,167,1,2),(151,168,1,2),(152,169,1,2),(153,170,1,2),(154,171,0,2),(155,172,1,2),(156,173,1,2),(157,174,1,2),(158,175,1,2),(159,176,1,2),(160,177,1,2),(161,178,1,2),(162,179,1,2),(163,180,1,2),(164,181,0,2),(165,182,1,2),(166,183,1,2),(167,184,0,2),(168,185,1,2),(169,186,0,2),(170,187,0,2),(171,188,1,2),(172,189,1,2),(173,190,1,2),(174,191,1,2),(175,192,1,2),(176,193,0,2),(177,194,1,2),(178,195,1,2),(179,196,1,2),(180,197,1,2),(181,198,1,2),(182,199,1,2),(183,200,1,2),(184,201,0,2),(185,202,0,2),(186,203,1,2),(187,204,1,2),(188,205,1,2),(189,112,0,3),(190,113,1,3),(191,114,1,3),(192,115,0,3),(193,116,1,3),(194,117,0,3),(195,118,1,3),(196,119,1,3),(197,120,1,3),(198,121,1,3),(199,122,1,3),(200,123,0,3),(201,124,1,3),(202,125,1,3),(203,126,0,3),(204,127,1,3),(205,128,1,3),(206,129,1,3),(207,130,1,3),(208,131,1,3),(209,132,1,3),(210,133,1,3),(211,134,1,3),(212,135,1,3),(213,136,1,3),(214,137,1,3),(215,138,1,3),(216,139,1,3),(217,140,1,3),(218,141,1,3),(219,142,1,3),(220,143,0,3),(221,144,1,3),(222,145,1,3),(223,146,1,3),(224,147,1,3),(225,148,1,3),(226,149,1,3),(227,150,1,3),(228,151,0,3),(229,152,1,3),(230,153,1,3),(231,154,1,3),(232,155,1,3),(233,156,1,3),(234,157,0,3),(235,158,1,3),(236,159,1,3),(237,160,0,3),(238,161,1,3),(239,162,1,3),(240,163,1,3),(241,164,1,3),(242,165,0,3),(243,166,1,3),(244,167,1,3),(245,168,1,3),(246,169,1,3),(247,170,1,3),(248,171,1,3),(249,172,1,3),(250,173,0,3),(251,174,1,3),(252,175,1,3),(253,176,1,3),(254,177,1,3),(255,178,1,3),(256,179,1,3),(257,180,1,3),(258,181,1,3),(259,182,1,3),(260,183,1,3),(261,184,1,3),(262,185,1,3),(263,186,1,3),(264,187,1,3),(265,188,0,3),(266,189,0,3),(267,190,1,3),(268,191,1,3),(269,192,1,3),(270,193,1,3),(271,194,1,3),(272,195,1,3),(273,196,1,3),(274,197,1,3),(275,198,1,3),(276,199,0,3),(277,200,1,3),(278,201,1,3),(279,202,1,3),(280,203,1,3),(281,204,1,3),(282,205,1,3),(283,112,1,4),(284,113,1,4),(285,114,1,4),(286,115,1,4),(287,116,1,4),(288,117,1,4),(289,118,1,4),(290,119,1,4),(291,120,1,4),(292,121,1,4),(293,122,0,4),(294,123,1,4),(295,124,1,4),(296,125,1,4),(297,126,0,4),(298,127,0,4),(299,128,1,4),(300,129,1,4),(301,130,0,4),(302,131,1,4),(303,132,0,4),(304,133,1,4),(305,134,0,4),(306,135,1,4),(307,136,1,4),(308,137,1,4),(309,138,1,4),(310,139,1,4),(311,140,1,4),(312,141,1,4),(313,142,1,4),(314,143,1,4),(315,144,1,4),(316,145,0,4),(317,146,1,4),(318,147,0,4),(319,148,1,4),(320,149,1,4),(321,150,1,4),(322,151,1,4),(323,152,1,4),(324,153,1,4),(325,154,0,4),(326,155,1,4),(327,156,1,4),(328,157,1,4),(329,158,1,4),(330,159,1,4),(331,160,1,4),(332,161,1,4),(333,162,1,4),(334,163,1,4),(335,164,1,4),(336,165,1,4),(337,166,1,4),(338,167,1,4),(339,168,0,4),(340,169,0,4),(341,170,1,4),(342,171,1,4),(343,172,1,4),(344,173,1,4),(345,174,1,4),(346,175,1,4),(347,176,1,4),(348,177,1,4),(349,178,1,4),(350,179,1,4),(351,180,0,4),(352,181,1,4),(353,182,1,4),(354,183,1,4),(355,184,0,4),(356,185,0,4),(357,186,1,4),(358,187,1,4),(359,188,1,4),(360,189,1,4),(361,190,1,4),(362,191,1,4),(363,192,1,4),(364,193,1,4),(365,194,1,4),(366,195,1,4),(367,196,1,4),(368,197,1,4),(369,198,1,4),(370,199,1,4),(371,200,1,4),(372,201,1,4),(373,202,1,4),(374,203,1,4),(375,204,1,4),(376,205,1,4),(377,112,0,5),(378,113,1,5),(379,114,1,5),(380,115,0,5),(381,116,1,5),(382,117,1,5),(383,118,1,5),(384,119,1,5),(385,120,1,5),(386,121,1,5),(387,122,0,5),(388,123,1,5),(389,124,1,5),(390,125,1,5),(391,126,1,5),(392,127,1,5),(393,128,1,5),(394,129,1,5),(395,130,1,5),(396,131,1,5),(397,132,1,5),(398,133,0,5),(399,134,1,5),(400,135,1,5),(401,136,1,5),(402,137,0,5),(403,138,1,5),(404,139,1,5),(405,140,0,5),(406,141,1,5),(407,142,0,5),(408,143,1,5),(409,144,1,5),(410,145,1,5),(411,146,1,5),(412,147,1,5),(413,148,1,5),(414,149,1,5),(415,150,1,5),(416,151,1,5),(417,152,0,5),(418,153,1,5),(419,154,1,5),(420,155,1,5),(421,156,1,5),(422,157,1,5),(423,158,1,5),(424,159,1,5),(425,160,0,5),(426,161,1,5),(427,162,1,5),(428,163,1,5),(429,164,1,5),(430,165,1,5),(431,166,0,5),(432,167,0,5),(433,168,1,5),(434,169,1,5),(435,170,1,5),(436,171,1,5),(437,172,1,5),(438,173,1,5),(439,174,1,5),(440,175,1,5),(441,176,1,5),(442,177,1,5),(443,178,1,5),(444,179,0,5),(445,180,1,5),(446,181,0,5),(447,182,1,5),(448,183,1,5),(449,184,1,5),(450,185,0,5),(451,186,1,5),(452,187,1,5),(453,188,1,5),(454,189,1,5),(455,190,1,5),(456,191,1,5),(457,192,1,5),(458,193,1,5),(459,194,0,5),(460,195,1,5),(461,196,0,5),(462,197,1,5),(463,198,0,5),(464,199,1,5),(465,200,1,5),(466,201,1,5),(467,202,1,5),(468,203,1,5),(469,204,1,5),(470,205,0,5),(471,112,1,6),(472,113,0,6),(473,114,1,6),(474,115,1,6),(475,116,1,6),(476,117,1,6),(477,118,1,6),(478,119,1,6),(479,120,1,6),(480,121,1,6),(481,122,0,6),(482,123,1,6),(483,124,1,6),(484,125,0,6),(485,126,1,6),(486,127,0,6),(487,128,0,6),(488,129,1,6),(489,130,1,6),(490,131,1,6),(491,132,1,6),(492,133,0,6),(493,134,1,6),(494,135,1,6),(495,136,1,6),(496,137,1,6),(497,138,0,6),(498,139,0,6),(499,140,1,6),(500,141,0,6),(501,142,1,6),(502,143,1,6),(503,144,1,6),(504,145,1,6),(505,146,1,6),(506,147,0,6),(507,148,1,6),(508,149,1,6),(509,150,1,6),(510,151,1,6),(511,152,1,6),(512,153,1,6),(513,154,1,6),(514,155,1,6),(515,156,1,6),(516,157,1,6),(517,158,0,6),(518,159,1,6),(519,160,0,6),(520,161,1,6),(521,162,1,6),(522,163,0,6),(523,164,1,6),(524,165,1,6),(525,166,0,6),(526,167,0,6),(527,168,0,6),(528,169,1,6),(529,170,1,6),(530,171,1,6),(531,172,1,6),(532,173,1,6),(533,174,0,6),(534,175,0,6),(535,176,1,6),(536,177,0,6),(537,178,1,6),(538,179,1,6),(539,180,1,6),(540,181,1,6),(541,182,1,6),(542,183,1,6),(543,184,1,6),(544,185,1,6),(545,186,1,6),(546,187,1,6),(547,188,1,6),(548,189,0,6),(549,190,1,6),(550,191,1,6),(551,192,0,6),(552,193,1,6),(553,194,1,6),(554,195,1,6),(555,196,1,6),(556,197,1,6),(557,198,1,6),(558,199,1,6),(559,200,0,6),(560,201,1,6),(561,202,1,6),(562,203,1,6),(563,204,1,6),(564,205,1,6),(565,112,1,7),(566,113,1,7),(567,114,1,7),(568,115,1,7),(569,116,0,7),(570,117,0,7),(571,118,0,7),(572,119,1,7),(573,120,1,7),(574,121,0,7),(575,122,0,7),(576,123,0,7),(577,124,1,7),(578,125,0,7),(579,126,1,7),(580,127,1,7),(581,128,1,7),(582,129,1,7),(583,130,1,7),(584,131,1,7),(585,132,1,7),(586,133,1,7),(587,134,0,7),(588,135,1,7),(589,136,1,7),(590,137,1,7),(591,138,0,7),(592,139,1,7),(593,140,1,7),(594,141,0,7),(595,142,1,7),(596,143,0,7),(597,144,0,7),(598,145,1,7),(599,146,1,7),(600,147,1,7),(601,148,1,7),(602,149,0,7),(603,150,1,7),(604,151,1,7),(605,152,1,7),(606,153,1,7),(607,154,1,7),(608,155,1,7),(609,156,0,7),(610,157,1,7),(611,158,0,7),(612,159,1,7),(613,160,1,7),(614,161,1,7),(615,162,1,7),(616,163,0,7),(617,164,1,7),(618,165,1,7),(619,166,1,7),(620,167,1,7),(621,168,0,7),(622,169,1,7),(623,170,1,7),(624,171,1,7),(625,172,1,7),(626,173,0,7),(627,174,0,7),(628,175,0,7),(629,176,0,7),(630,177,1,7),(631,178,1,7),(632,179,1,7),(633,180,1,7),(634,181,1,7),(635,182,1,7),(636,183,1,7),(637,184,0,7),(638,185,0,7),(639,186,1,7),(640,187,1,7),(641,188,0,7),(642,189,1,7),(643,190,1,7),(644,191,1,7),(645,192,1,7),(646,193,1,7),(647,194,1,7),(648,195,1,7),(649,196,1,7),(650,197,1,7),(651,198,0,7),(652,199,1,7),(653,200,1,7),(654,201,0,7),(655,202,1,7),(656,203,1,7),(657,204,1,7),(658,205,1,7),(659,112,1,8),(660,113,1,8),(661,114,1,8),(662,115,1,8),(663,116,1,8),(664,117,1,8),(665,118,1,8),(666,119,1,8),(667,120,1,8),(668,121,0,8),(669,122,1,8),(670,123,1,8),(671,124,1,8),(672,125,1,8),(673,126,1,8),(674,127,1,8),(675,128,1,8),(676,129,1,8),(677,130,1,8),(678,131,0,8),(679,132,1,8),(680,133,1,8),(681,134,1,8),(682,135,1,8),(683,136,1,8),(684,137,1,8),(685,138,0,8),(686,139,1,8),(687,140,1,8),(688,141,1,8),(689,142,1,8),(690,143,1,8),(691,144,0,8),(692,145,1,8),(693,146,1,8),(694,147,1,8),(695,148,1,8),(696,149,1,8),(697,150,1,8),(698,151,1,8),(699,152,1,8),(700,153,1,8),(701,154,1,8),(702,155,0,8),(703,156,1,8),(704,157,1,8),(705,158,1,8),(706,159,0,8),(707,160,1,8),(708,161,0,8),(709,162,1,8),(710,163,1,8),(711,164,0,8),(712,165,1,8),(713,166,1,8),(714,167,1,8),(715,168,0,8),(716,169,1,8),(717,170,1,8),(718,171,1,8),(719,172,1,8),(720,173,0,8),(721,174,1,8),(722,175,1,8),(723,176,1,8),(724,177,1,8),(725,178,1,8),(726,179,0,8),(727,180,0,8),(728,181,1,8),(729,182,1,8),(730,183,0,8),(731,184,1,8),(732,185,1,8),(733,186,1,8),(734,187,1,8),(735,188,1,8),(736,189,1,8),(737,190,1,8),(738,191,0,8),(739,192,1,8),(740,193,1,8),(741,194,1,8),(742,195,1,8),(743,196,1,8),(744,197,1,8),(745,198,0,8),(746,199,1,8),(747,200,1,8),(748,201,1,8),(749,202,1,8),(750,203,0,8),(751,204,0,8),(752,205,0,8),(753,112,1,9),(754,113,1,9),(755,114,1,9),(756,115,1,9),(757,116,1,9),(758,117,0,9),(759,118,1,9),(760,119,0,9),(761,120,0,9),(762,121,1,9),(763,122,1,9),(764,123,1,9),(765,124,1,9),(766,125,1,9),(767,126,1,9),(768,127,1,9),(769,128,1,9),(770,129,1,9),(771,130,1,9),(772,131,0,9),(773,132,0,9),(774,133,0,9),(775,134,0,9),(776,135,0,9),(777,136,0,9),(778,137,1,9),(779,138,1,9),(780,139,1,9),(781,140,0,9),(782,141,1,9),(783,142,1,9),(784,143,1,9),(785,144,1,9),(786,145,0,9),(787,146,1,9),(788,147,1,9),(789,148,1,9),(790,149,1,9),(791,150,1,9),(792,151,0,9),(793,152,1,9),(794,153,1,9),(795,154,1,9),(796,155,1,9),(797,156,0,9),(798,157,1,9),(799,158,0,9),(800,159,1,9),(801,160,0,9),(802,161,0,9),(803,162,1,9),(804,163,0,9),(805,164,1,9),(806,165,0,9),(807,166,1,9),(808,167,1,9),(809,168,0,9),(810,169,1,9),(811,170,0,9),(812,171,1,9),(813,172,1,9),(814,173,0,9),(815,174,1,9),(816,175,1,9),(817,176,1,9),(818,177,1,9),(819,178,1,9),(820,179,1,9),(821,180,1,9),(822,181,1,9),(823,182,1,9),(824,183,1,9),(825,184,1,9),(826,185,1,9),(827,186,1,9),(828,187,1,9),(829,188,0,9),(830,189,1,9),(831,190,1,9),(832,191,1,9),(833,192,1,9),(834,193,1,9),(835,194,1,9),(836,195,1,9),(837,196,1,9),(838,197,1,9),(839,198,1,9),(840,199,1,9),(841,200,1,9),(842,201,1,9),(843,202,1,9),(844,203,1,9),(845,204,1,9),(846,205,0,9),(847,112,1,10),(848,113,0,10),(849,114,1,10),(850,115,1,10),(851,116,1,10),(852,117,1,10),(853,118,1,10),(854,119,1,10),(855,120,1,10),(856,121,1,10),(857,122,1,10),(858,123,1,10),(859,124,1,10),(860,125,1,10),(861,126,0,10),(862,127,0,10),(863,128,0,10),(864,129,1,10),(865,130,1,10),(866,131,1,10),(867,132,1,10),(868,133,1,10),(869,134,1,10),(870,135,1,10),(871,136,1,10),(872,137,1,10),(873,138,1,10),(874,139,1,10),(875,140,1,10),(876,141,0,10),(877,142,0,10),(878,143,1,10),(879,144,0,10),(880,145,1,10),(881,146,1,10),(882,147,1,10),(883,148,1,10),(884,149,1,10),(885,150,1,10),(886,151,1,10),(887,152,1,10),(888,153,0,10),(889,154,1,10),(890,155,1,10),(891,156,1,10),(892,157,1,10),(893,158,1,10),(894,159,0,10),(895,160,0,10),(896,161,1,10),(897,162,0,10),(898,163,0,10),(899,164,1,10),(900,165,1,10),(901,166,1,10),(902,167,0,10),(903,168,0,10),(904,169,0,10),(905,170,1,10),(906,171,1,10),(907,172,1,10),(908,173,0,10),(909,174,1,10),(910,175,1,10),(911,176,1,10),(912,177,1,10),(913,178,1,10),(914,179,1,10),(915,180,1,10),(916,181,1,10),(917,182,1,10),(918,183,1,10),(919,184,1,10),(920,185,0,10),(921,186,1,10),(922,187,1,10),(923,188,1,10),(924,189,1,10),(925,190,1,10),(926,191,1,10),(927,192,1,10),(928,193,0,10),(929,194,1,10),(930,195,1,10),(931,196,0,10),(932,197,0,10),(933,198,1,10),(934,199,1,10),(935,200,1,10),(936,201,1,10),(937,202,1,10),(938,203,1,10),(939,204,1,10),(940,205,1,10),(941,112,1,11),(942,113,0,11),(943,114,1,11),(944,115,0,11),(945,116,0,11),(946,117,1,11),(947,118,1,11),(948,119,1,11),(949,120,1,11),(950,121,0,11),(951,122,1,11),(952,123,0,11),(953,124,0,11),(954,125,0,11),(955,126,1,11),(956,127,1,11),(957,128,1,11),(958,129,1,11),(959,130,1,11),(960,131,1,11),(961,132,0,11),(962,133,0,11),(963,134,0,11),(964,135,1,11),(965,136,1,11),(966,137,1,11),(967,138,1,11),(968,139,1,11),(969,140,1,11),(970,141,1,11),(971,142,0,11),(972,143,1,11),(973,144,0,11),(974,145,1,11),(975,146,1,11),(976,147,1,11),(977,148,0,11),(978,149,1,11),(979,150,1,11),(980,151,0,11),(981,152,1,11),(982,153,1,11),(983,154,1,11),(984,155,1,11),(985,156,1,11),(986,157,0,11),(987,158,1,11),(988,159,1,11),(989,160,1,11),(990,161,1,11),(991,162,1,11),(992,163,1,11),(993,164,1,11),(994,165,1,11),(995,166,1,11),(996,167,0,11),(997,168,1,11),(998,169,1,11),(999,170,1,11),(1000,171,0,11),(1001,172,1,11),(1002,173,1,11),(1003,174,1,11),(1004,175,1,11),(1005,176,1,11),(1006,177,0,11),(1007,178,1,11),(1008,179,1,11),(1009,180,1,11),(1010,181,0,11),(1011,182,0,11),(1012,183,1,11),(1013,184,0,11),(1014,185,1,11),(1015,186,1,11),(1016,187,0,11),(1017,188,1,11),(1018,189,1,11),(1019,190,1,11),(1020,191,1,11),(1021,192,1,11),(1022,193,1,11),(1023,194,1,11),(1024,195,0,11),(1025,196,1,11),(1026,197,1,11),(1027,198,1,11),(1028,199,1,11),(1029,200,1,11),(1030,201,1,11),(1031,202,1,11),(1032,203,0,11),(1033,204,1,11),(1034,205,1,11),(1035,112,1,12),(1036,113,0,12),(1037,114,1,12),(1038,115,1,12),(1039,116,1,12),(1040,117,1,12),(1041,118,1,12),(1042,119,1,12),(1043,120,1,12),(1044,121,1,12),(1045,122,1,12),(1046,123,1,12),(1047,124,1,12),(1048,125,1,12),(1049,126,1,12),(1050,127,1,12),(1051,128,1,12),(1052,129,1,12),(1053,130,0,12),(1054,131,1,12),(1055,132,1,12),(1056,133,1,12),(1057,134,1,12),(1058,135,0,12),(1059,136,0,12),(1060,137,0,12),(1061,138,1,12),(1062,139,1,12),(1063,140,1,12),(1064,141,1,12),(1065,142,1,12),(1066,143,1,12),(1067,144,1,12),(1068,145,1,12),(1069,146,0,12),(1070,147,1,12),(1071,148,1,12),(1072,149,1,12),(1073,150,1,12),(1074,151,1,12),(1075,152,1,12),(1076,153,1,12),(1077,154,1,12),(1078,155,1,12),(1079,156,1,12),(1080,157,0,12),(1081,158,0,12),(1082,159,1,12),(1083,160,1,12),(1084,161,1,12),(1085,162,1,12),(1086,163,1,12),(1087,164,0,12),(1088,165,1,12),(1089,166,1,12),(1090,167,1,12),(1091,168,1,12),(1092,169,1,12),(1093,170,0,12),(1094,171,1,12),(1095,172,1,12),(1096,173,1,12),(1097,174,1,12),(1098,175,1,12),(1099,176,0,12),(1100,177,1,12),(1101,178,1,12),(1102,179,1,12),(1103,180,0,12),(1104,181,1,12),(1105,182,1,12),(1106,183,0,12),(1107,184,1,12),(1108,185,1,12),(1109,186,1,12),(1110,187,1,12),(1111,188,1,12),(1112,189,1,12),(1113,190,1,12),(1114,191,1,12),(1115,192,1,12),(1116,193,1,12),(1117,194,1,12),(1118,195,1,12),(1119,196,0,12),(1120,197,0,12),(1121,198,1,12),(1122,199,1,12),(1123,200,1,12),(1124,201,0,12),(1125,202,1,12),(1126,203,0,12),(1127,204,1,12),(1128,205,1,12),(1129,112,1,13),(1130,113,0,13),(1131,114,1,13),(1132,115,1,13),(1133,116,1,13),(1134,117,1,13),(1135,118,1,13),(1136,119,0,13),(1137,120,1,13),(1138,121,1,13),(1139,122,1,13),(1140,123,0,13),(1141,124,1,13),(1142,125,1,13),(1143,126,0,13),(1144,127,1,13),(1145,128,1,13),(1146,129,1,13),(1147,130,1,13),(1148,131,1,13),(1149,132,1,13),(1150,133,1,13),(1151,134,1,13),(1152,135,1,13),(1153,136,1,13),(1154,137,1,13),(1155,138,0,13),(1156,139,1,13),(1157,140,1,13),(1158,141,1,13),(1159,142,1,13),(1160,143,1,13),(1161,144,1,13),(1162,145,1,13),(1163,146,1,13),(1164,147,1,13),(1165,148,0,13),(1166,149,1,13),(1167,150,1,13),(1168,151,1,13),(1169,152,1,13),(1170,153,1,13),(1171,154,1,13),(1172,155,1,13),(1173,156,1,13),(1174,157,0,13),(1175,158,1,13),(1176,159,1,13),(1177,160,1,13),(1178,161,1,13),(1179,162,1,13),(1180,163,1,13),(1181,164,1,13),(1182,165,1,13),(1183,166,1,13),(1184,167,1,13),(1185,168,1,13),(1186,169,1,13),(1187,170,0,13),(1188,171,0,13),(1189,172,1,13),(1190,173,1,13),(1191,174,1,13),(1192,175,1,13),(1193,176,0,13),(1194,177,0,13),(1195,178,1,13),(1196,179,1,13),(1197,180,1,13),(1198,181,1,13),(1199,182,0,13),(1200,183,1,13),(1201,184,1,13),(1202,185,1,13),(1203,186,1,13),(1204,187,1,13),(1205,188,1,13),(1206,189,1,13),(1207,190,1,13),(1208,191,1,13),(1209,192,0,13),(1210,193,1,13),(1211,194,1,13),(1212,195,1,13),(1213,196,0,13),(1214,197,1,13),(1215,198,1,13),(1216,199,1,13),(1217,200,0,13),(1218,201,1,13),(1219,202,1,13),(1220,203,1,13),(1221,204,1,13),(1222,205,0,13),(1223,112,0,14),(1224,113,1,14),(1225,114,1,14),(1226,115,1,14),(1227,116,1,14),(1228,117,1,14),(1229,118,1,14),(1230,119,1,14),(1231,120,1,14),(1232,121,1,14),(1233,122,0,14),(1234,123,1,14),(1235,124,0,14),(1236,125,1,14),(1237,126,0,14),(1238,127,0,14),(1239,128,0,14),(1240,129,1,14),(1241,130,1,14),(1242,131,1,14),(1243,132,0,14),(1244,133,0,14),(1245,134,1,14),(1246,135,0,14),(1247,136,1,14),(1248,137,1,14),(1249,138,1,14),(1250,139,0,14),(1251,140,1,14),(1252,141,1,14),(1253,142,0,14),(1254,143,1,14),(1255,144,1,14),(1256,145,0,14),(1257,146,1,14),(1258,147,1,14),(1259,148,1,14),(1260,149,1,14),(1261,150,0,14),(1262,151,1,14),(1263,152,1,14),(1264,153,1,14),(1265,154,1,14),(1266,155,1,14),(1267,156,1,14),(1268,157,1,14),(1269,158,1,14),(1270,159,1,14),(1271,160,1,14),(1272,161,0,14),(1273,162,1,14),(1274,163,1,14),(1275,164,1,14),(1276,165,0,14),(1277,166,1,14),(1278,167,1,14),(1279,168,0,14),(1280,169,1,14),(1281,170,1,14),(1282,171,1,14),(1283,172,1,14),(1284,173,1,14),(1285,174,1,14),(1286,175,0,14),(1287,176,1,14),(1288,177,1,14),(1289,178,1,14),(1290,179,1,14),(1291,180,0,14),(1292,181,1,14),(1293,182,0,14),(1294,183,1,14),(1295,184,0,14),(1296,185,1,14),(1297,186,0,14),(1298,187,1,14),(1299,188,1,14),(1300,189,0,14),(1301,190,1,14),(1302,191,1,14),(1303,192,1,14),(1304,193,1,14),(1305,194,1,14),(1306,195,0,14),(1307,196,1,14),(1308,197,1,14),(1309,198,1,14),(1310,199,1,14),(1311,200,0,14),(1312,201,1,14),(1313,202,0,14),(1314,203,1,14),(1315,204,1,14),(1316,205,0,14),(1317,112,1,15),(1318,113,1,15),(1319,114,0,15),(1320,115,1,15),(1321,116,1,15),(1322,117,0,15),(1323,118,1,15),(1324,119,1,15),(1325,120,1,15),(1326,121,1,15),(1327,122,0,15),(1328,123,1,15),(1329,124,1,15),(1330,125,1,15),(1331,126,1,15),(1332,127,0,15),(1333,128,1,15),(1334,129,0,15),(1335,130,1,15),(1336,131,1,15),(1337,132,1,15),(1338,133,1,15),(1339,134,1,15),(1340,135,1,15),(1341,136,0,15),(1342,137,1,15),(1343,138,1,15),(1344,139,0,15),(1345,140,1,15),(1346,141,1,15),(1347,142,1,15),(1348,143,0,15),(1349,144,1,15),(1350,145,1,15),(1351,146,1,15),(1352,147,1,15),(1353,148,1,15),(1354,149,1,15),(1355,150,1,15),(1356,151,1,15),(1357,152,1,15),(1358,153,1,15),(1359,154,1,15),(1360,155,1,15),(1361,156,1,15),(1362,157,1,15),(1363,158,1,15),(1364,159,0,15),(1365,160,0,15),(1366,161,1,15),(1367,162,0,15),(1368,163,1,15),(1369,164,1,15),(1370,165,1,15),(1371,166,1,15),(1372,167,1,15),(1373,168,0,15),(1374,169,1,15),(1375,170,1,15),(1376,171,0,15),(1377,172,1,15),(1378,173,0,15),(1379,174,1,15),(1380,175,1,15),(1381,176,1,15),(1382,177,1,15),(1383,178,1,15),(1384,179,0,15),(1385,180,1,15),(1386,181,1,15),(1387,182,1,15),(1388,183,0,15),(1389,184,1,15),(1390,185,1,15),(1391,186,1,15),(1392,187,1,15),(1393,188,1,15),(1394,189,1,15),(1395,190,1,15),(1396,191,1,15),(1397,192,0,15),(1398,193,1,15),(1399,194,1,15),(1400,195,1,15),(1401,196,1,15),(1402,197,1,15),(1403,198,0,15),(1404,199,1,15),(1405,200,0,15),(1406,201,1,15),(1407,202,1,15),(1408,203,1,15),(1409,204,1,15),(1410,205,1,15),(1411,112,0,16),(1412,113,1,16),(1413,114,0,16),(1414,115,1,16),(1415,116,1,16),(1416,117,1,16),(1417,118,1,16),(1418,119,1,16),(1419,120,1,16),(1420,121,1,16),(1421,122,1,16),(1422,123,1,16),(1423,124,1,16),(1424,125,1,16),(1425,126,1,16),(1426,127,1,16),(1427,128,1,16),(1428,129,1,16),(1429,130,0,16),(1430,131,1,16),(1431,132,1,16),(1432,133,1,16),(1433,134,1,16),(1434,135,1,16),(1435,136,0,16),(1436,137,0,16),(1437,138,1,16),(1438,139,1,16),(1439,140,1,16),(1440,141,1,16),(1441,142,1,16),(1442,143,1,16),(1443,144,0,16),(1444,145,1,16),(1445,146,0,16),(1446,147,1,16),(1447,148,1,16),(1448,149,1,16),(1449,150,1,16),(1450,151,1,16),(1451,152,1,16),(1452,153,0,16),(1453,154,1,16),(1454,155,1,16),(1455,156,1,16),(1456,157,0,16),(1457,158,0,16),(1458,159,0,16),(1459,160,0,16),(1460,161,1,16),(1461,162,1,16),(1462,163,0,16),(1463,164,1,16),(1464,165,1,16),(1465,166,1,16),(1466,167,1,16),(1467,168,1,16),(1468,169,1,16),(1469,170,0,16),(1470,171,1,16),(1471,172,1,16),(1472,173,1,16),(1473,174,0,16),(1474,175,1,16),(1475,176,1,16),(1476,177,1,16),(1477,178,1,16),(1478,179,1,16),(1479,180,1,16),(1480,181,1,16),(1481,182,1,16),(1482,183,1,16),(1483,184,1,16),(1484,185,1,16),(1485,186,1,16),(1486,187,1,16),(1487,188,1,16),(1488,189,1,16),(1489,190,1,16),(1490,191,1,16),(1491,192,1,16),(1492,193,1,16),(1493,194,1,16),(1494,195,1,16),(1495,196,0,16),(1496,197,0,16),(1497,198,1,16),(1498,199,1,16),(1499,200,0,16),(1500,201,1,16),(1501,202,0,16),(1502,203,1,16),(1503,204,1,16),(1504,205,1,16),(1505,112,1,17),(1506,113,1,17),(1507,114,1,17),(1508,115,1,17),(1509,116,0,17),(1510,117,1,17),(1511,118,1,17),(1512,119,1,17),(1513,120,1,17),(1514,121,0,17),(1515,122,0,17),(1516,123,0,17),(1517,124,0,17),(1518,125,0,17),(1519,126,0,17),(1520,127,1,17),(1521,128,1,17),(1522,129,1,17),(1523,130,1,17),(1524,131,1,17),(1525,132,0,17),(1526,133,1,17),(1527,134,1,17),(1528,135,0,17),(1529,136,1,17),(1530,137,1,17),(1531,138,1,17),(1532,139,0,17),(1533,140,1,17),(1534,141,1,17),(1535,142,1,17),(1536,143,1,17),(1537,144,1,17),(1538,145,0,17),(1539,146,1,17),(1540,147,0,17),(1541,148,1,17),(1542,149,1,17),(1543,150,1,17),(1544,151,1,17),(1545,152,1,17),(1546,153,0,17),(1547,154,1,17),(1548,155,1,17),(1549,156,1,17),(1550,157,1,17),(1551,158,0,17),(1552,159,1,17),(1553,160,1,17),(1554,161,1,17),(1555,162,1,17),(1556,163,1,17),(1557,164,1,17),(1558,165,1,17),(1559,166,0,17),(1560,167,1,17),(1561,168,1,17),(1562,169,1,17),(1563,170,1,17),(1564,171,1,17),(1565,172,1,17),(1566,173,1,17),(1567,174,1,17),(1568,175,1,17),(1569,176,1,17),(1570,177,1,17),(1571,178,0,17),(1572,179,1,17),(1573,180,1,17),(1574,181,1,17),(1575,182,1,17),(1576,183,1,17),(1577,184,1,17),(1578,185,0,17),(1579,186,0,17),(1580,187,1,17),(1581,188,1,17),(1582,189,1,17),(1583,190,1,17),(1584,191,1,17),(1585,192,1,17),(1586,193,1,17),(1587,194,1,17),(1588,195,1,17),(1589,196,1,17),(1590,197,0,17),(1591,198,0,17),(1592,199,1,17),(1593,200,0,17),(1594,201,1,17),(1595,202,1,17),(1596,203,1,17),(1597,204,1,17),(1598,205,1,17),(1599,112,0,18),(1600,113,1,18),(1601,114,1,18),(1602,115,1,18),(1603,116,1,18),(1604,117,0,18),(1605,118,1,18),(1606,119,1,18),(1607,120,1,18),(1608,121,1,18),(1609,122,1,18),(1610,123,1,18),(1611,124,0,18),(1612,125,1,18),(1613,126,0,18),(1614,127,1,18),(1615,128,1,18),(1616,129,1,18),(1617,130,0,18),(1618,131,1,18),(1619,132,1,18),(1620,133,1,18),(1621,134,1,18),(1622,135,1,18),(1623,136,1,18),(1624,137,1,18),(1625,138,0,18),(1626,139,1,18),(1627,140,1,18),(1628,141,1,18),(1629,142,1,18),(1630,143,1,18),(1631,144,1,18),(1632,145,1,18),(1633,146,1,18),(1634,147,0,18),(1635,148,1,18),(1636,149,0,18),(1637,150,1,18),(1638,151,1,18),(1639,152,1,18),(1640,153,0,18),(1641,154,1,18),(1642,155,1,18),(1643,156,1,18),(1644,157,0,18),(1645,158,1,18),(1646,159,1,18),(1647,160,1,18),(1648,161,1,18),(1649,162,0,18),(1650,163,1,18),(1651,164,1,18),(1652,165,1,18),(1653,166,1,18),(1654,167,0,18),(1655,168,1,18),(1656,169,1,18),(1657,170,0,18),(1658,171,1,18),(1659,172,1,18),(1660,173,0,18),(1661,174,1,18),(1662,175,0,18),(1663,176,1,18),(1664,177,0,18),(1665,178,1,18),(1666,179,0,18),(1667,180,0,18),(1668,181,1,18),(1669,182,1,18),(1670,183,1,18),(1671,184,0,18),(1672,185,1,18),(1673,186,1,18),(1674,187,1,18),(1675,188,1,18),(1676,189,0,18),(1677,190,1,18),(1678,191,1,18),(1679,192,1,18),(1680,193,1,18),(1681,194,0,18),(1682,195,1,18),(1683,196,1,18),(1684,197,0,18),(1685,198,0,18),(1686,199,1,18),(1687,200,0,18),(1688,201,1,18),(1689,202,1,18),(1690,203,1,18),(1691,204,1,18),(1692,205,1,18),(1693,112,1,19),(1694,113,0,19),(1695,114,1,19),(1696,115,1,19),(1697,116,1,19),(1698,117,1,19),(1699,118,1,19),(1700,119,1,19),(1701,120,0,19),(1702,121,0,19),(1703,122,1,19),(1704,123,1,19),(1705,124,0,19),(1706,125,1,19),(1707,126,1,19),(1708,127,0,19),(1709,128,0,19),(1710,129,1,19),(1711,130,1,19),(1712,131,1,19),(1713,132,0,19),(1714,133,0,19),(1715,134,1,19),(1716,135,1,19),(1717,136,1,19),(1718,137,0,19),(1719,138,1,19),(1720,139,1,19),(1721,140,1,19),(1722,141,1,19),(1723,142,1,19),(1724,143,1,19),(1725,144,1,19),(1726,145,1,19),(1727,146,1,19),(1728,147,1,19),(1729,148,1,19),(1730,149,1,19),(1731,150,1,19),(1732,151,1,19),(1733,152,1,19),(1734,153,1,19),(1735,154,1,19),(1736,155,1,19),(1737,156,1,19),(1738,157,1,19),(1739,158,1,19),(1740,159,1,19),(1741,160,1,19),(1742,161,1,19),(1743,162,1,19),(1744,163,1,19),(1745,164,1,19),(1746,165,0,19),(1747,166,0,19),(1748,167,0,19),(1749,168,1,19),(1750,169,0,19),(1751,170,1,19),(1752,171,1,19),(1753,172,1,19),(1754,173,0,19),(1755,174,1,19),(1756,175,1,19),(1757,176,0,19),(1758,177,1,19),(1759,178,1,19),(1760,179,1,19),(1761,180,1,19),(1762,181,0,19),(1763,182,1,19),(1764,183,1,19),(1765,184,1,19),(1766,185,1,19),(1767,186,1,19),(1768,187,1,19),(1769,188,1,19),(1770,189,0,19),(1771,190,1,19),(1772,191,1,19),(1773,192,1,19),(1774,193,1,19),(1775,194,1,19),(1776,195,1,19),(1777,196,1,19),(1778,197,1,19),(1779,198,1,19),(1780,199,1,19),(1781,200,1,19),(1782,201,1,19),(1783,202,1,19),(1784,203,1,19),(1785,204,1,19),(1786,205,0,19);
/*!40000 ALTER TABLE `attendance` ENABLE KEYS */;
UNLOCK TABLES;

--
-- Table structure for table `attendance_details`
--

DROP TABLE IF EXISTS `attendance_details`;
/*!40101 SET @saved_cs_client     = @@character_set_client */;
/*!40101 SET character_set_client = utf8 */;
CREATE TABLE `attendance_details` (
  `id` int(11) NOT NULL AUTO_INCREMENT,
  `course_id` int(11) NOT NULL,
  `session` varchar(20) NOT NULL,
  `date` datetime NOT NULL,
  PRIMARY KEY (`id`),
  KEY `fk_attendance_details_1_idx` (`course_id`),
  CONSTRAINT `fk_attendance_details_1` FOREIGN KEY (`course_id`) REFERENCES `courses` (`id`) ON DELETE CASCADE ON UPDATE NO ACTION
) ENGINE=InnoDB AUTO_INCREMENT=20 DEFAULT CHARSET=latin1;
/*!40101 SET character_set_client = @saved_cs_client */;

--
-- Dumping data for table `attendance_details`
--

LOCK TABLES `attendance_details` WRITE;
/*!40000 ALTER TABLE `attendance_details` DISABLE KEYS */;
INSERT INTO `attendance_details` VALUES (1,14,'2015/2016','2016-09-30 13:10:35'),(2,14,'2015/2016','2016-09-30 13:10:58'),(3,14,'2015/2016','2016-09-30 13:11:06'),(4,14,'2015/2016','2016-09-30 13:11:12'),(5,14,'2015/2016','2016-09-30 13:11:17'),(6,14,'2015/2016','2016-09-30 13:11:23'),(7,14,'2015/2016','2016-09-30 13:11:28'),(8,14,'2015/2016','2016-09-30 13:11:33'),(9,14,'2015/2016','2016-09-30 13:11:38'),(10,14,'2015/2016','2016-09-30 13:11:43'),(11,14,'2015/2016','2016-09-30 13:11:48'),(12,14,'2015/2016','2016-09-30 13:11:53'),(13,12,'2015/2016','2016-09-30 15:43:30'),(14,12,'2015/2016','2016-09-30 15:43:38'),(15,12,'2015/2016','2016-09-30 15:43:44'),(16,12,'2015/2016','2016-09-30 15:43:50'),(17,12,'2015/2016','2016-09-30 15:43:55'),(18,12,'2015/2016','2016-09-30 15:44:01'),(19,12,'2015/2016','2016-09-30 15:44:05');
/*!40000 ALTER TABLE `attendance_details` ENABLE KEYS */;
UNLOCK TABLES;

--
-- Table structure for table `course_lecturers`
--

DROP TABLE IF EXISTS `course_lecturers`;
/*!40101 SET @saved_cs_client     = @@character_set_client */;
/*!40101 SET character_set_client = utf8 */;
CREATE TABLE `course_lecturers` (
  `id` int(11) NOT NULL AUTO_INCREMENT,
  `course_id` int(11) NOT NULL,
  `lecturer_id` int(11) NOT NULL,
  `session` varchar(255) NOT NULL,
  PRIMARY KEY (`id`)
) ENGINE=InnoDB DEFAULT CHARSET=latin1;
/*!40101 SET character_set_client = @saved_cs_client */;

--
-- Dumping data for table `course_lecturers`
--

LOCK TABLES `course_lecturers` WRITE;
/*!40000 ALTER TABLE `course_lecturers` DISABLE KEYS */;
/*!40000 ALTER TABLE `course_lecturers` ENABLE KEYS */;
UNLOCK TABLES;

--
-- Table structure for table `course_students`
--

DROP TABLE IF EXISTS `course_students`;
/*!40101 SET @saved_cs_client     = @@character_set_client */;
/*!40101 SET character_set_client = utf8 */;
CREATE TABLE `course_students` (
  `id` int(11) NOT NULL AUTO_INCREMENT,
  `course_id` int(11) NOT NULL,
  `student_id` int(11) NOT NULL,
  `session` varchar(255) NOT NULL,
  PRIMARY KEY (`id`),
  KEY `fk_course_students_1_idx` (`course_id`),
  KEY `fk_course_students_2_idx` (`student_id`),
  CONSTRAINT `fk_course_students_1` FOREIGN KEY (`course_id`) REFERENCES `courses` (`id`) ON DELETE CASCADE ON UPDATE NO ACTION,
  CONSTRAINT `fk_course_students_2` FOREIGN KEY (`student_id`) REFERENCES `students` (`student_id`) ON DELETE CASCADE ON UPDATE NO ACTION
) ENGINE=InnoDB AUTO_INCREMENT=191 DEFAULT CHARSET=latin1;
/*!40101 SET character_set_client = @saved_cs_client */;

--
-- Dumping data for table `course_students`
--

LOCK TABLES `course_students` WRITE;
/*!40000 ALTER TABLE `course_students` DISABLE KEYS */;
INSERT INTO `course_students` VALUES (3,14,112,'2015/2016'),(4,14,113,'2015/2016'),(5,14,114,'2015/2016'),(6,14,115,'2015/2016'),(7,14,116,'2015/2016'),(8,14,117,'2015/2016'),(9,14,118,'2015/2016'),(10,14,119,'2015/2016'),(11,14,120,'2015/2016'),(12,14,121,'2015/2016'),(13,14,122,'2015/2016'),(14,14,123,'2015/2016'),(15,14,124,'2015/2016'),(16,14,125,'2015/2016'),(17,14,126,'2015/2016'),(18,14,127,'2015/2016'),(19,14,128,'2015/2016'),(20,14,129,'2015/2016'),(21,14,130,'2015/2016'),(22,14,131,'2015/2016'),(23,14,132,'2015/2016'),(24,14,133,'2015/2016'),(25,14,134,'2015/2016'),(26,14,135,'2015/2016'),(27,14,136,'2015/2016'),(28,14,137,'2015/2016'),(29,14,138,'2015/2016'),(30,14,139,'2015/2016'),(31,14,140,'2015/2016'),(32,14,141,'2015/2016'),(33,14,142,'2015/2016'),(34,14,143,'2015/2016'),(35,14,144,'2015/2016'),(36,14,145,'2015/2016'),(37,14,146,'2015/2016'),(38,14,147,'2015/2016'),(39,14,148,'2015/2016'),(40,14,149,'2015/2016'),(41,14,150,'2015/2016'),(42,14,151,'2015/2016'),(43,14,152,'2015/2016'),(44,14,153,'2015/2016'),(45,14,154,'2015/2016'),(46,14,155,'2015/2016'),(47,14,156,'2015/2016'),(48,14,157,'2015/2016'),(49,14,158,'2015/2016'),(50,14,159,'2015/2016'),(51,14,160,'2015/2016'),(52,14,161,'2015/2016'),(53,14,162,'2015/2016'),(54,14,163,'2015/2016'),(55,14,164,'2015/2016'),(56,14,165,'2015/2016'),(57,14,166,'2015/2016'),(58,14,167,'2015/2016'),(59,14,168,'2015/2016'),(60,14,169,'2015/2016'),(61,14,170,'2015/2016'),(62,14,171,'2015/2016'),(63,14,172,'2015/2016'),(64,14,173,'2015/2016'),(65,14,174,'2015/2016'),(66,14,175,'2015/2016'),(67,14,176,'2015/2016'),(68,14,177,'2015/2016'),(69,14,178,'2015/2016'),(70,14,179,'2015/2016'),(71,14,180,'2015/2016'),(72,14,181,'2015/2016'),(73,14,182,'2015/2016'),(74,14,183,'2015/2016'),(75,14,184,'2015/2016'),(76,14,185,'2015/2016'),(77,14,186,'2015/2016'),(78,14,187,'2015/2016'),(79,14,188,'2015/2016'),(80,14,189,'2015/2016'),(81,14,190,'2015/2016'),(82,14,191,'2015/2016'),(83,14,192,'2015/2016'),(84,14,193,'2015/2016'),(85,14,194,'2015/2016'),(86,14,195,'2015/2016'),(87,14,196,'2015/2016'),(88,14,197,'2015/2016'),(89,14,198,'2015/2016'),(90,14,199,'2015/2016'),(91,14,200,'2015/2016'),(92,14,201,'2015/2016'),(93,14,202,'2015/2016'),(94,14,203,'2015/2016'),(95,14,204,'2015/2016'),(96,14,205,'2015/2016'),(97,12,112,'2015/2016'),(98,12,113,'2015/2016'),(99,12,114,'2015/2016'),(100,12,115,'2015/2016'),(101,12,116,'2015/2016'),(102,12,117,'2015/2016'),(103,12,118,'2015/2016'),(104,12,119,'2015/2016'),(105,12,120,'2015/2016'),(106,12,121,'2015/2016'),(107,12,122,'2015/2016'),(108,12,123,'2015/2016'),(109,12,124,'2015/2016'),(110,12,125,'2015/2016'),(111,12,126,'2015/2016'),(112,12,127,'2015/2016'),(113,12,128,'2015/2016'),(114,12,129,'2015/2016'),(115,12,130,'2015/2016'),(116,12,131,'2015/2016'),(117,12,132,'2015/2016'),(118,12,133,'2015/2016'),(119,12,134,'2015/2016'),(120,12,135,'2015/2016'),(121,12,136,'2015/2016'),(122,12,137,'2015/2016'),(123,12,138,'2015/2016'),(124,12,139,'2015/2016'),(125,12,140,'2015/2016'),(126,12,141,'2015/2016'),(127,12,142,'2015/2016'),(128,12,143,'2015/2016'),(129,12,144,'2015/2016'),(130,12,145,'2015/2016'),(131,12,146,'2015/2016'),(132,12,147,'2015/2016'),(133,12,148,'2015/2016'),(134,12,149,'2015/2016'),(135,12,150,'2015/2016'),(136,12,151,'2015/2016'),(137,12,152,'2015/2016'),(138,12,153,'2015/2016'),(139,12,154,'2015/2016'),(140,12,155,'2015/2016'),(141,12,156,'2015/2016'),(142,12,157,'2015/2016'),(143,12,158,'2015/2016'),(144,12,159,'2015/2016'),(145,12,160,'2015/2016'),(146,12,161,'2015/2016'),(147,12,162,'2015/2016'),(148,12,163,'2015/2016'),(149,12,164,'2015/2016'),(150,12,165,'2015/2016'),(151,12,166,'2015/2016'),(152,12,167,'2015/2016'),(153,12,168,'2015/2016'),(154,12,169,'2015/2016'),(155,12,170,'2015/2016'),(156,12,171,'2015/2016'),(157,12,172,'2015/2016'),(158,12,173,'2015/2016'),(159,12,174,'2015/2016'),(160,12,175,'2015/2016'),(161,12,176,'2015/2016'),(162,12,177,'2015/2016'),(163,12,178,'2015/2016'),(164,12,179,'2015/2016'),(165,12,180,'2015/2016'),(166,12,181,'2015/2016'),(167,12,182,'2015/2016'),(168,12,183,'2015/2016'),(169,12,184,'2015/2016'),(170,12,185,'2015/2016'),(171,12,186,'2015/2016'),(172,12,187,'2015/2016'),(173,12,188,'2015/2016'),(174,12,189,'2015/2016'),(175,12,190,'2015/2016'),(176,12,191,'2015/2016'),(177,12,192,'2015/2016'),(178,12,193,'2015/2016'),(179,12,194,'2015/2016'),(180,12,195,'2015/2016'),(181,12,196,'2015/2016'),(182,12,197,'2015/2016'),(183,12,198,'2015/2016'),(184,12,199,'2015/2016'),(185,12,200,'2015/2016'),(186,12,201,'2015/2016'),(187,12,202,'2015/2016'),(188,12,203,'2015/2016'),(189,12,204,'2015/2016'),(190,12,205,'2015/2016');
/*!40000 ALTER TABLE `course_students` ENABLE KEYS */;
UNLOCK TABLES;

--
-- Table structure for table `courses`
--

DROP TABLE IF EXISTS `courses`;
/*!40101 SET @saved_cs_client     = @@character_set_client */;
/*!40101 SET character_set_client = utf8 */;
CREATE TABLE `courses` (
  `id` int(11) NOT NULL AUTO_INCREMENT,
  `title` varchar(300) NOT NULL,
  `code` varchar(10) NOT NULL,
  `semester` varchar(20) NOT NULL,
  PRIMARY KEY (`id`)
) ENGINE=InnoDB AUTO_INCREMENT=15 DEFAULT CHARSET=latin1;
/*!40101 SET character_set_client = @saved_cs_client */;

--
-- Dumping data for table `courses`
--

LOCK TABLES `courses` WRITE;
/*!40000 ALTER TABLE `courses` DISABLE KEYS */;
INSERT INTO `courses` VALUES (1,'COMPUTER AIDED DESIGN','ECE505','First'),(2,'REAL TIME COMPUTING & CONTROL','ECE517','First'),(3,'SOLID STATE ELECTRONICS','ECE527','First'),(4,'DIGITAL SIGNAL PROCESSING','ECE537','First'),(5,'COMPUTER ARCHITECTURE','ECE539','First'),(6,'ARTIFICIAL INTELLIGENCE & ROBOTICS','ECE541','First'),(7,'WIRELESS COMMUNICATION & NETWORK APPLICATION','ECE531','First'),(8,'SYSTEM PROGRAMMING','ECE529','First'),(9,'NETWORK ANALYSIS & SYNTHESIS','EEE504','Second'),(10,'CONTROL SYSTEM ENGINEERING','EEE574','Second'),(11,'DATA COMMUNICATION DATAWORK','ECE538','Second'),(12,'DATABASE MANAGEMENT SYSTEM','ECE542','Second'),(14,'SOFTWARE ENGINEERING','ECE554','Second');
/*!40000 ALTER TABLE `courses` ENABLE KEYS */;
UNLOCK TABLES;

--
-- Table structure for table `general_data`
--

DROP TABLE IF EXISTS `general_data`;
/*!40101 SET @saved_cs_client     = @@character_set_client */;
/*!40101 SET character_set_client = utf8 */;
CREATE TABLE `general_data` (
  `id` int(11) NOT NULL AUTO_INCREMENT,
  `session` varchar(255) NOT NULL,
  `semester` varchar(255) NOT NULL,
  PRIMARY KEY (`id`)
) ENGINE=InnoDB AUTO_INCREMENT=2 DEFAULT CHARSET=latin1;
/*!40101 SET character_set_client = @saved_cs_client */;

--
-- Dumping data for table `general_data`
--

LOCK TABLES `general_data` WRITE;
/*!40000 ALTER TABLE `general_data` DISABLE KEYS */;
INSERT INTO `general_data` VALUES (1,'2015/2016','First');
/*!40000 ALTER TABLE `general_data` ENABLE KEYS */;
UNLOCK TABLES;

--
-- Table structure for table `lecturers`
--

DROP TABLE IF EXISTS `lecturers`;
/*!40101 SET @saved_cs_client     = @@character_set_client */;
/*!40101 SET character_set_client = utf8 */;
CREATE TABLE `lecturers` (
  `lecturer_id` int(11) NOT NULL AUTO_INCREMENT,
  `lecturer_name` varchar(255) NOT NULL,
  PRIMARY KEY (`lecturer_id`)
) ENGINE=InnoDB AUTO_INCREMENT=3 DEFAULT CHARSET=latin1;
/*!40101 SET character_set_client = @saved_cs_client */;

--
-- Dumping data for table `lecturers`
--

LOCK TABLES `lecturers` WRITE;
/*!40000 ALTER TABLE `lecturers` DISABLE KEYS */;
INSERT INTO `lecturers` VALUES (1,'Prof John bull'),(2,'John');
/*!40000 ALTER TABLE `lecturers` ENABLE KEYS */;
UNLOCK TABLES;

--
-- Table structure for table `students`
--

DROP TABLE IF EXISTS `students`;
/*!40101 SET @saved_cs_client     = @@character_set_client */;
/*!40101 SET character_set_client = utf8 */;
CREATE TABLE `students` (
  `student_id` int(11) NOT NULL AUTO_INCREMENT,
  `student_name` varchar(255) NOT NULL,
  `student_gender` varchar(20) NOT NULL,
  `student_regno` varchar(20) NOT NULL,
  `student_dob` varchar(100) DEFAULT NULL,
  `student_state` varchar(255) NOT NULL,
  `student_lga` varchar(255) NOT NULL,
  `student_address` varchar(255) NOT NULL,
  `student_phone` varchar(20) NOT NULL,
  `student_email` varchar(255) NOT NULL,
  PRIMARY KEY (`student_id`),
  UNIQUE KEY `student_regno` (`student_regno`)
) ENGINE=InnoDB AUTO_INCREMENT=206 DEFAULT CHARSET=latin1;
/*!40101 SET character_set_client = @saved_cs_client */;

--
-- Dumping data for table `students`
--

LOCK TABLES `students` WRITE;
/*!40000 ALTER TABLE `students` DISABLE KEYS */;
INSERT INTO `students` VALUES (112,'Okunna Makuo                    Ifedi ','Male','2008364027','14/11/89','Anambra','','','08065620801\n',''),(113,'Mgbechikwelu Ekene Nkiruka ','Female','2009364041','23/6/93','Anambra','','','07032835639\n',''),(114,'Nwagboso Kenneth            Odinakachi ','Male','2009364049','8/1/98','Anambra','','','08177579199\n',''),(115,'Chinyeaka chiemelie             Blessing ','Female','2009364102','22/7/90','Anambra','','','08131131785\n',''),(116,'Akunwanne Chinonso               Moses ','Male','2009364112','14/11/87','Anambra','','','08037962532\n',''),(117,'Ekwunife Sunday                 Nebeolisa ','Male','2010364117','11/02/90','Anambra','','','08064065093\n',''),(118,'Ndibe Nnayelu                 Augustine ','Male','2010364118','28/3/92','Anambra','','','08135886119\n',''),(119,'Anyaegbu Joseph                    Chizoba ','Male','2010364127','12/3/89','Anambra','','','08064947136\n',''),(120,'Kalu Emmanuel           Chinonyelum ','Male','2010364128','20/3/89','Abia','','','08037760592\n',''),(121,'Nwaogbe Gabriel                 Chukwuma ','','2010364151','','','','','\n',''),(122,'Ugorji Victor  Eze','Male','2010364154','29/3/93','Rivers','','','08134484139\n',''),(123,'Okoye  Chukwudi Michael','Male','2010364165','20/5/90','Anambra','','','08038976756\n',''),(124,'Ezennia Chinedu                George ','Male','2010364170','25/11/94','Anambra','','','07035576244\n',''),(125,'Eze Valentine             Chidiebere ','Male','2010364179','12/2/90','Enugu','','','07036776699\n',''),(126,'Ozoemena Emeka                   Michael ','Male','2010364187','28/11/87','Enugu','','','08061131928\n',''),(127,'Akanwa Chimgozirim  Nnwaihe','Male','2010364189','24/7/89','Imo','','','07033195640\n',''),(128,'Aguolu Arinze Somkenechukwu ','Male','2010364195','12/9/93','Anambra','Anaocha','No 16, dodoma street, zone 6, wuse Abuja','08189370605\n','arinzeaguolu@yahoo.com'),(129,'Okeke Chukwunyelu         Ejiofor ','Male','2010364199','9/10/92','Anambra','','','08066115243\n',''),(130,'Nwakile Philemon                            Nzubechukwu Nzubechukwu','Male','2011364002','19/11/91','Anambra','','','08060514381\n',''),(131,'Agwu Chukwuemeka Chidoh','Male','2011364003','18/11/92','Enugu','','','07060431494\n',''),(132,'Ihekoronye Benedicta Chinyeaka','Female','2011364005','6/6/94','Imo','','','07038470521\n',''),(133,'Onwuka Chigozie Dickson','Male','2011364007','25/2/92','Abia','','','08021095132\n',''),(134,'Nwagbo Chiagozie Chukwunonso','Male','2011364008','25/3/94','Anambra','','','08135362107\n',''),(135,'Momah Obinna Gabriel','','2011364009','','','','','\n',''),(136,'Nwaokorobia Arinze Henry','Male','2011364010','1/11/88','Imo','','','08033033382\n',''),(137,'Oguchi  Ebuka Philip','Male','2011364011','19/1/93','Anambra','','','08172655046\n',''),(138,'Orie Chinedu Emmanuel','Male','2011364012','27/5/90','Ebonyi','','','07035052689\n',''),(139,'Mbachu Chinedu Emmanuel','Male','2011364013','23/12/93','Imo','','','08079209305\n',''),(140,'Ezechukwu  Chiemerie Val','Male','2011364015','13/2/93','Anambra','','','08136457945\n',''),(141,'Ozioma Favour Dilichukwu','Male','2011364016','18/01/93','Enugu','','','08039224178\n',''),(142,'Madubuobi Jesse Ozioma','Male','2011364017','19/10/91','Anambra','','','07061258625\n',''),(143,'Eze  Kelechi Alex','Male','2011364018','2/11/93','Enugu','','','08130308922\n',''),(144,'Ogwuechie Faustinus Ugochukwu','Male','2011364019','10/9/93','Enugu','','','08128524585\n',''),(145,'Oguzie Chidiuto Churchill','Male','2011364021','19/1/92','Imo','','','07037561411\n',''),(146,'Belonwu Chidimma Cynthia','Female','2011364022','10/3/90','Anambra','','','08067227023\n',''),(147,'Ucha Okwudili Paul','','2011364023','','','','','\n',''),(148,'Onwuaha Izuchukwu Kenneth','','2011364024','','','','','\n',''),(149,'Uche Amaechi Bonaventure','Male','2011364025','25/7/92','Anambra','','','07066964401\n',''),(150,'Ejim Chisom Praise','Male','2011364026','04/12/89','Enugu','','','08064299949\n',''),(151,'Okpala Eberechukwu Uchenna','Male','2011364027','9/5/91','Anambra','','','07066888478\n',''),(152,'Igboanuzue Chibuike  Emmanuel','Male','2011364028','1/2/93','Anambra','','','07062959892\n',''),(153,'Emenike Emmanuel Akachukwu','Male','2011364029','30/8/92','Abia','','','08068639964\n',''),(154,'Anowai Chinedu Elochukwu','Male','2011364030','1/6/90','Anambra','','','08161514185\n',''),(155,'Ukodei Philip Onyeka','Male','2011364031','25/5/92','Anambra','','','08030585124\n',''),(156,'Ezugwu  Nestor Ikedi','Male','2011364032','26/6/89','Enugu','','','08068909105\n',''),(157,'Nwanze Franklin Chuka','Male','2011364033','04/8/93','Delta','','','07037219055\n',''),(158,'Obi  Basil Obinna','Male','2011364034','8/11/90','Anambra','','','07031534629         ',''),(159,'Arum  Chiemerie Godwin','Male','2011364035','24/11/93','Enugu','','','07065405709\n',''),(160,'Agwuna Blossom Ifeatu','Female','2011364039','8/5/93','Anambra','','','08068374767\n',''),(161,'Oranekwulu Somtoo Henry','Male','2011364041','25/6/94','Anambra','','','07069259745\n',''),(162,'Benny Kelechi Chihurumnanya','Male','2011364043','1/7/91','Abia','','','08138454390\n',''),(163,'Adoh Kenneth  Ekenemchukwu','Male','2011364044','3/8/93','Delta','','','08166775299\n',''),(164,'AkAbueze Chiemezie Michael','Male','2011364045','29/8/93','Imo','','','07068061099\n',''),(165,'Ndu Prince Arinzechukwu','Male','2011364050','9/8/90','Enugu','','','08138602173\n',''),(166,'Egboka Joseph Chidiebere','Male','2011364051','15/4/88','Anambra','','','08036943113\n',''),(167,'Ejiogu Chijioke Ugochukwu','Male','2011364052','8/9/94','Imo','','','07039180104\n',''),(168,'Ajaero Christabel Oluebube','Female','2011364053','30/6/93','Imo','','','07033758590\n',''),(169,'Okafor Chukwuma Christopher','Male','2011364054','8/6/91','Anambra','','','07068970554\n',''),(170,'Onuorah  ThankGod Emeka','Male','2011364055','28/2/90','Anambra','','','08122237443\n',''),(171,'Okafor Chidimma Kosolu','Female','2011364058','5/1/94','Anambra','','','08039119707\n',''),(172,'Eneja Kingsley Chinonso','Male','2011364059','8/5/88','Enugu','','','08063550695\n',''),(173,'Onwuemelie Charles Chukwudubem','Male','2011364060','12/8/88','Anambra','','','07061500062\n',''),(174,'Ihemegbulam Emmanuel Chinagorom','Male','2011364061','10/4/91','Abia','','','08138802392\n',''),(175,'Okoye Chidera Dominic','Male','2011364063','26/10/94','Anambra','','','08100332652\n',''),(176,'Nnamani Ugochukwu Paul','Male','2011364064','','','','','\n',''),(177,'Ezenwanne  Ifeanyi Cosmas','Male','2011364065','6/6/93','Anambra','','','08139278033\n',''),(178,'Ezeanyim Mmesoma Chukwuma','Male','2011364068','15/2/94','Anambra','','','08163981131\n',''),(179,'Umeasalugo Glory Emelie','Male','2011364070','12/5/94','Anambra','','','07032492660\n',''),(180,'Dim Anthony Chidiebere','Male','2011364072','9/12/91','Anambra','','','07035445464\n',''),(181,'Ukadike Charles Ekene','Male','2011364073','07/5/93','Anambra','','','08064780412\n',''),(182,'Ojiakor Wisdom Onyedikachi','Male','2011364075','9/8/93','Anambra','','','07032504411\n',''),(183,'Nnayeleugo Chibuikem Echezonam','Male','2011364077','10/11/90','Anambra','','','08034696972\n',''),(184,'Emmanuel Divine-Hope ','Male','2011364078','21/6/94','Imo','','','07062085001\n',''),(185,'Nriagu Josemaria Chukwuebuka','Male','2011364079','20/10/94','Anambra','','','07067585286\n',''),(186,'Offiah Festus Chibuike','Male','2011364080','9/3/91','Rivers','','','08030783870\n',''),(187,'Okafor Adanna Erica','Female','2011364081','15/9/94','Imo','','','09058641414\n',''),(188,'Okechukwu Chinedu Shedrack','Male','2011364083','2/4/91','Enugu','','','07030423596\n',''),(189,'Amuzie Alexander Chukwuemelie','Male','2011364084','','','','','\n',''),(190,'Ibelo Okechukwu Daniel','Male','2011364085','5/5/91','Imo','','','08066581318\n',''),(191,'Okanome Christian Chukwuebuka','Male','2011364088','24/3/89','Imo','','','08036606761\n',''),(192,'Amailo Francis Chubuzo','Male','2011364089','','','','','\n',''),(193,'Ofordum  Robert Chukwuka','Male','2011364091','','','','','\n',''),(194,'Okafor Christian Chigozie','Male','2011364094','2/2/92','Anambra','','','08137594313\n',''),(195,'Ekweazu Chibuzor Emmanuel','Male','2012364161','6/8/87','Anambra','','','08067674856\n',''),(196,'Agbo  Emmanuel Chukwuemeka','Male','2012364168','10/10/88','Enugu','','','08035600349\n',''),(197,'Uzoka Anthony Ifeanyi','Male','2012364169','5/8/88','Imo','','','07035300179\n',''),(198,'Nwankwo Anthony Chinedu','Male','2012364170','4/21/90','Anambra','','','08134555471\n',''),(199,'Nwosu  Uchechukwu George','Male','2012364173','27/3/88','Imo','','','08035048000\n',''),(200,'Ezeneche Onyeka Christian','Male','2012364177','16/2/92','Anambra','','','07033311102\n',''),(201,'Onyekwelu Michael Chukwuemeka','Male','2012364178','30/9/91','Anambra','','','08067180909\n',''),(202,'Njoku Gabriel Chimaobi','Male','2012364179','6/8/86','Imo','','','08061532652\n',''),(203,'Chiedozie Chinonso Bright ','Male','2012364182','1/4/91','Anambra','','','08168795198\n',''),(204,'Nwaigwe Amarachi Ruth ','Female','2012364189','3/9/90','Imo','','','08162108621\n',''),(205,'Nnoli Kenechukwu Nnaemeka','Male','2010364130','18/4/92','Anambra','','','07063015079\n','');
/*!40000 ALTER TABLE `students` ENABLE KEYS */;
UNLOCK TABLES;

--
-- Table structure for table `users`
--

DROP TABLE IF EXISTS `users`;
/*!40101 SET @saved_cs_client     = @@character_set_client */;
/*!40101 SET character_set_client = utf8 */;
CREATE TABLE `users` (
  `id` int(11) NOT NULL AUTO_INCREMENT,
  `username` varchar(500) NOT NULL,
  `password` varchar(500) NOT NULL,
  PRIMARY KEY (`id`),
  UNIQUE KEY `username` (`username`)
) ENGINE=InnoDB AUTO_INCREMENT=3 DEFAULT CHARSET=latin1;
/*!40101 SET character_set_client = @saved_cs_client */;

--
-- Dumping data for table `users`
--

LOCK TABLES `users` WRITE;
/*!40000 ALTER TABLE `users` DISABLE KEYS */;
INSERT INTO `users` VALUES (1,'drakensage','6e8df98cf3de8479dfb4da6c83740402873c20e81422a272961169eeb5e04c7474a0f97ab87afaadec8d49b64cf9f4c7c22007ec13c05aa5f1335a78b5047ccb'),(2,'Admin','6e8df98cf3de8479dfb4da6c83740402873c20e81422a272961169eeb5e04c7474a0f97ab87afaadec8d49b64cf9f4c7c22007ec13c05aa5f1335a78b5047ccb');
/*!40000 ALTER TABLE `users` ENABLE KEYS */;
UNLOCK TABLES;
/*!40103 SET TIME_ZONE=@OLD_TIME_ZONE */;

/*!40101 SET SQL_MODE=@OLD_SQL_MODE */;
/*!40014 SET FOREIGN_KEY_CHECKS=@OLD_FOREIGN_KEY_CHECKS */;
/*!40014 SET UNIQUE_CHECKS=@OLD_UNIQUE_CHECKS */;
/*!40101 SET CHARACTER_SET_CLIENT=@OLD_CHARACTER_SET_CLIENT */;
/*!40101 SET CHARACTER_SET_RESULTS=@OLD_CHARACTER_SET_RESULTS */;
/*!40101 SET COLLATION_CONNECTION=@OLD_COLLATION_CONNECTION */;
/*!40111 SET SQL_NOTES=@OLD_SQL_NOTES */;

-- Dump completed on 2016-10-31 21:01:51
